f,s
расширенной моделью,тематическая модель
кубов olap,организации хранения данных
си,языках программирования
дифференциальный альтернативный сплайсинг генов человека при вторичной глиобластоме,прототип базы данных дифференциального альтернативного сплайсинга генов
устройство имитозащиты контролируемых объектов,защищенной системы связи
),на формализованных языках
расчет специальной матрицы подхода emsica,этапы работы системы
подмодуль измерения,подмодулей
интерфейсов,технологиями
сети коэкспрессии генов,биологические сети
порождение простых шаблонов,этапа
b - сплайн,функции сглаживания
устройство microsoft kinect,аппаратного обеспечения
интеллектуальная система,системы принятия решений
система mtss,среды имитационного моделирования
криволинейной сетки,к дискретизации области
клавиатурного почерка,биометрической характеристики
технологии olap,подхода к хранению информации
emsica,подходов
метода матрицы структуры проекта,подходов
бесконтактных систем,технологиями
),строении свободной поверхности
генеративно - состязательная сеть,нейронной сети
импульсный нейтронный гамма - каротаж,методов
коммуникаций,инженерных объектов
stream,библиотечных классов
с ++,языках программирования
показатель хёрста,методов нелинейной динамики
формате rusmarc,подхода к хранению информации
поля rusmarc,организации хранения данных
компьютерной генерации случайных кластеров,вычислительный эксперимент
распределение степеней вершин,характеристики
сети интерактомики,биологические сети
древние поселения,археологических объектов
selenium webdriver,инструменты
изображений структурной магнитнорезонансной томографии,данных смрт
база link.springer.com,хранилища публикаций
коэффициентов ложного доступа,характеристиками
попарное распределение степеней вершин,характеристики
спектры сигнала,случайными величинами
ложного отказа в доступе,характеристиками
многопроцессорной архитектуре,системах
клавиатурному почерку,биометрическим характеристикам
метаболические сети,биологические сети
medilux,сервис интеллектуального формирования расписания посещений медицинских учреждений
метод k - средних,статистических методов классификации
модуль получения частот вызова услуг,модулей
данные,источником информации
курганы,археологических объектов
cmf drupal,платформы
анализ формальных понятий,аппарат автоматического вывода понятий предметной области
компьютерное адаптивное тестирование,метода широкомасштабного тестирования
ячеечного метода,методов
системы принятия решений,интеллектуальная система
социального статуса,параметров
fortran,языках программирования
изоформ генов,генов – кандидатов
оценке встре - чаемости кластеров,вычислительный эксперимент
система управления базами данных,программных
визуализация источников активности мозга,этапы работы системы
пользовательских оценок,исследования мрс
бутстраппинг,инструмент поддержки концептуального моделирования
python,языках программирования
optional,библиотечных классов
образцов клавиатурного почерка,биометрической характеристики
рекуррентный автоэнкодер,нейронной сети
многословные термины,термины
максимальный показатель ляпунова,методов нелинейной динамики
практики,с
предварительная обработка исходных данных,этапы работы системы
